_id,date_added,title
61d2021abebb86f97b8188b1,25-Sep-21,Dick Johnson Is Dead
61d2021abebb86f97b8188b2,24-Sep-21,My Little Pony: A New Generation
61d2021abebb86f97b8188b3,24-Sep-21,Sankofa
61d2021abebb86f97b8188b4,24-Sep-21,The Starling
61d2021abebb86f97b8188b5,23-Sep-21,Je Suis Karl
61d2021abebb86f97b8188b6,22-Sep-21,Confessions of an Invisible Girl
61d2021abebb86f97b8188b7,22-Sep-21,"Europe's Most Dangerous Man: Otto Skorzeny in Spain"
61d2021abebb86f97b8188b8,22-Sep-21,Intrusion
61d2021abebb86f97b8188b9,21-Sep-21,Avvai Shanmughi
61d2021abebb86f97b8188ba,21-Sep-21,Go! Go! Cory Carson: Chrissy Takes the Wheel
61d2021abebb86f97b8188bb,21-Sep-21,Jeans
61d2021abebb86f97b8188bc,21-Sep-21,Minsara Kanavu
61d2021abebb86f97b8188bd,20-Sep-21,Grown Ups
61d2021abebb86f97b8188be,19-Sep-21,Dark Skies
61d2021abebb86f97b8188bf,19-Sep-21,Paranoia
61d2021abebb86f97b8188c0,17-Sep-21,Ankahi Kahaniya
61d2021abebb86f97b8188c1,17-Sep-21,The Father Who Moves Mountains
61d2021abebb86f97b8188c2,17-Sep-21,The Stronghold
61d2021abebb86f97b8188c3,16-Sep-21,Birth of the Dragon
61d2021abebb86f97b8188c4,16-Sep-21,Jaws
61d2021abebb86f97b8188c5,16-Sep-21,Jaws 2
61d2021abebb86f97b8188c6,16-Sep-21,Jaws 3
61d2021abebb86f97b8188c7,16-Sep-21,Jaws: The Revenge
61d2021abebb86f97b8188c8,16-Sep-21,My Heroes Were Cowboys
61d2021abebb86f97b8188c9,16-Sep-21,Safe House
61d2021abebb86f97b8188ca,16-Sep-21,Training Day
61d2021abebb86f97b8188cb,15-Sep-21,InuYasha the Movie 2: The Castle Beyond the Looking Glass
61d2021abebb86f97b8188cc,15-Sep-21,InuYasha the Movie 3: Swords of an Honorable Ruler
61d2021abebb86f97b8188cd,15-Sep-21,InuYasha the Movie 4: Fire on the Mystic Island
61d2021abebb86f97b8188ce,15-Sep-21,InuYasha the Movie: Affections Touching Across Time
61d2021abebb86f97b8188cf,15-Sep-21,Naruto Shippuden the Movie: Blood Prison
61d2021abebb86f97b8188d0,15-Sep-21,Naruto Shippûden the Movie: Bonds
61d2021abebb86f97b8188d1,15-Sep-21,Naruto Shippûden the Movie: The Will of Fire
61d2021abebb86f97b8188d2,15-Sep-21,Naruto Shippuden: The Movie
61d2021abebb86f97b8188d3,15-Sep-21,Naruto Shippuden: The Movie: The Lost Tower
61d2021abebb86f97b8188d4,15-Sep-21,Naruto the Movie 2: Legend of the Stone of Gelel
61d2021abebb86f97b8188d5,15-Sep-21,Naruto the Movie 3: Guardians of the Crescent Moon Kingdom
61d2021abebb86f97b8188d6,15-Sep-21,Naruto the Movie: Ninja Clash in the Land of Snow
61d2021abebb86f97b8188d7,15-Sep-21,Nightbooks
61d2021abebb86f97b8188d8,15-Sep-21,Schumacher
61d2021abebb86f97b8188d9,14-Sep-21,A StoryBots Space Adventure
61d2021abebb86f97b8188da,14-Sep-21,King of Boys
61d2021abebb86f97b8188db,14-Sep-21,You vs. Wild: Out Cold
61d2021abebb86f97b8188dc,11-Sep-21,Little Singham - Black Shadow
61d2021abebb86f97b8188dd,11-Sep-21,Tughlaq Durbar
61d2021abebb86f97b8188de,11-Sep-21,Tughlaq Durbar (Telugu)
61d2021abebb86f97b8188df,10-Sep-21,Firedrake the Silver Dragon
61d2021abebb86f97b8188e0,10-Sep-21,Kate
61d2021abebb86f97b8188e1,10-Sep-21,Omo Ghetto: the Saga
61d2021abebb86f97b8188e2,10-Sep-21,Prey
61d2021abebb86f97b8188e3,09-Sep-21,Blood Brothers: Malcolm X & Muhammad Ali
61d2021abebb86f97b8188e4,09-Sep-21,Paradise Hills
61d2021abebb86f97b8188e5,09-Sep-21,The Women and the Murderer
61d2021abebb86f97b8188e6,08-Sep-21,JJ+E
61d2021abebb86f97b8188e7,08-Sep-21,Show Dogs
61d2021abebb86f97b8188e8,07-Sep-21,If I Leave Here Tomorrow: A Film About Lynyrd Skynyrd
61d2021abebb86f97b8188e9,07-Sep-21,Untold: Breaking Point
61d2021abebb86f97b8188ea,06-Sep-21,Shadow Parties
61d2021abebb86f97b8188eb,05-Sep-21,Angamaly Diaries
61d2021abebb86f97b8188ec,04-Sep-21,A Champion Heart
61d2021abebb86f97b8188ed,03-Sep-21,Worth
61d2021abebb86f97b8188ee,02-Sep-21,Afterlife of the Party
61d2021abebb86f97b8188ef,02-Sep-21,Anjaam
61d2021abebb86f97b8188f0,02-Sep-21,Bright Star
61d2021abebb86f97b8188f1,02-Sep-21,Dhanak
61d2021abebb86f97b8188f2,02-Sep-21,Final Account
61d2021abebb86f97b8188f3,02-Sep-21,Gurgaon
61d2021abebb86f97b8188f4,02-Sep-21,Here and There
61d2021abebb86f97b8188f5,02-Sep-21,In the Cut
61d2021abebb86f97b8188f6,02-Sep-21,Shikara
61d2021abebb86f97b8188f7,01-Sep-21,A Cinderella Story
61d2021abebb86f97b8188f8,01-Sep-21,"Agatha Christie's Crooked House"
61d2021abebb86f97b8188f9,01-Sep-21,An Unfinished Life
61d2021abebb86f97b8188fa,01-Sep-21,Barbie Big City Big Dreams
61d2021abebb86f97b8188fb,01-Sep-21,Blade Runner: The Final Cut
61d2021abebb86f97b8188fc,01-Sep-21,Chappie
61d2021abebb86f97b8188fd,01-Sep-21,Clear and Present Danger
61d2021abebb86f97b8188fe,01-Sep-21,Cliffhanger
61d2021abebb86f97b8188ff,01-Sep-21,Cold Mountain
61d2021abebb86f97b818900,01-Sep-21,Crocodile Dundee in Los Angeles
61d2021abebb86f97b818901,01-Sep-21,Dear John
61d2021abebb86f97b818902,01-Sep-21,Do the Right Thing
61d2021abebb86f97b818903,01-Sep-21,"El patrón, radiografía de un crimen"
61d2021abebb86f97b818904,01-Sep-21,Extraction
61d2021abebb86f97b818905,01-Sep-21,Freedom Writers
61d2021abebb86f97b818906,01-Sep-21,Green Lantern
61d2021abebb86f97b818907,01-Sep-21,House Party
61d2021abebb86f97b818908,01-Sep-21,House Party 2
61d2021abebb86f97b818909,01-Sep-21,House Party 3
61d2021abebb86f97b81890a,01-Sep-21,I Got the Hook Up
61d2021abebb86f97b81890b,01-Sep-21,In Too Deep
61d2021abebb86f97b81890c,01-Sep-21,Initial D
61d2021abebb86f97b81890d,01-Sep-21,Janoskians: Untold and Untrue
61d2021abebb86f97b81890e,01-Sep-21,Labyrinth
61d2021abebb86f97b81890f,01-Sep-21,Letters to Juliet
61d2021abebb86f97b818910,01-Sep-21,Level 16
61d2021abebb86f97b818911,01-Sep-21,"Love Don't Cost a Thing"
61d2021abebb86f97b818912,01-Sep-21,Love in a Puff
61d2021abebb86f97b818913,01-Sep-21,Mars Attacks!
61d2021abebb86f97b818914,01-Sep-21,Marshall
61d2021abebb86f97b818915,01-Sep-21,"My Boss's Daughter"
61d2021abebb86f97b818916,01-Sep-21,Mystery Men
61d2021abebb86f97b818917,01-Sep-21,Once Upon a Time in America
61d2021abebb86f97b818918,01-Sep-21,Open Season 2
61d2021abebb86f97b818919,01-Sep-21,Osmosis Jones
61d2021abebb86f97b81891a,01-Sep-21,Poseidon
61d2021abebb86f97b81891b,01-Sep-21,Rhyme & Reason
61d2021abebb86f97b81891c,01-Sep-21,Same Kind of Different as Me
61d2021abebb86f97b81891d,01-Sep-21,School of Rock
61d2021abebb86f97b81891e,01-Sep-21,Snervous Tyler Oakley
61d2021abebb86f97b81891f,01-Sep-21,Tears of the Sun
61d2021abebb86f97b818920,01-Sep-21,The Blue Lagoon
61d2021abebb86f97b818921,01-Sep-21,The Golden Child
61d2021abebb86f97b818922,01-Sep-21,The Guns of Navarone
61d2021abebb86f97b818923,01-Sep-21,The Interview
61d2021abebb86f97b818924,01-Sep-21,The Nutty Professor
61d2021abebb86f97b818925,01-Sep-21,The Nutty Professor II: The Klumps
61d2021abebb86f97b818926,01-Sep-21,Welcome Home Roscoe Jenkins
61d2021abebb86f97b818927,31-Aug-21,In the Line of Fire
61d2021abebb86f97b818928,31-Aug-21,Untold: Crime & Penalties
61d2021abebb86f97b818929,28-Aug-21,2 Alone in Paris
61d2021abebb86f97b81892a,28-Aug-21,Thimmarusu
61d2021abebb86f97b81892b,28-Aug-21,Wind River
61d2021abebb86f97b81892c,27-Aug-21,C Kkompany
61d2021abebb86f97b81892d,27-Aug-21,EMI: Liya Hai To Chukana Padega
61d2021abebb86f97b81892e,27-Aug-21,"He's All That"
61d2021abebb86f97b81892f,27-Aug-21,Koi Aap Sa
61d2021abebb86f97b818930,27-Aug-21,Krishna Cottage
61d2021abebb86f97b818931,27-Aug-21,Kucch To Hai
61d2021abebb86f97b818932,27-Aug-21,Kyaa Kool Hai Hum
61d2021abebb86f97b818933,27-Aug-21,Kyaa Kool Hain Hum 3
61d2021abebb86f97b818934,27-Aug-21,Kyaa Super Kool Hain Hum
61d2021abebb86f97b818935,27-Aug-21,Kyo Kii... Main Jhuth Nahin Bolta
61d2021abebb86f97b818936,27-Aug-21,"LSD: Love, Sex Aur Dhokha"
61d2021abebb86f97b818937,27-Aug-21,Mission Istaanbul: Darr Ke Aagey Jeet Hai
61d2021abebb86f97b818938,27-Aug-21,Once Upon a Time in Mumbaai
61d2021abebb86f97b818939,27-Aug-21,Once Upon a Time in Mumbai Dobaara!
61d2021abebb86f97b81893a,27-Aug-21,Ragini MMS
61d2021abebb86f97b81893b,27-Aug-21,Ragini MMS 2
61d2021abebb86f97b81893c,27-Aug-21,SAS: Rise of the Black Swan
61d2021abebb86f97b81893d,27-Aug-21,Shootout at Lokhandwala
61d2021abebb86f97b81893e,27-Aug-21,Shor In the City
61d2021abebb86f97b81893f,27-Aug-21,The Dirty Picture
61d2021abebb86f97b818940,25-Aug-21,"Bob Ross: Happy Accidents, Betrayal & Greed"
61d2021abebb86f97b818941,25-Aug-21,Really Love
61d2021abebb86f97b818942,25-Aug-21,The November Man
61d2021abebb86f97b818943,25-Aug-21,The Old Ways
61d2021abebb86f97b818944,25-Aug-21,The River Runner
61d2021abebb86f97b818945,25-Aug-21,The Water Man
61d2021abebb86f97b818946,24-Aug-21,Count Me In
61d2021abebb86f97b818947,24-Aug-21,Untold: Caitlyn Jenner
61d2021abebb86f97b818948,23-Aug-21,Boomika
61d2021abebb86f97b818949,23-Aug-21,Boomika (Hindi)
61d2021abebb86f97b81894a,23-Aug-21,Boomika (Malayalam)
61d2021abebb86f97b81894b,23-Aug-21,Boomika (Telugu)
61d2021abebb86f97b81894c,23-Aug-21,The Witcher: Nightmare of the Wolf
61d2021abebb86f97b81894d,20-Aug-21,Gunshot
61d2021abebb86f97b81894e,20-Aug-21,Man in Love
61d2021abebb86f97b81894f,20-Aug-21,Sweet Girl
61d2021abebb86f97b818950,20-Aug-21,The Loud House Movie
61d2021abebb86f97b818951,19-Aug-21,A Faraway Land
61d2021abebb86f97b818952,19-Aug-21,Like Crazy
61d2021abebb86f97b818953,18-Aug-21,Black Island
61d2021abebb86f97b818954,18-Aug-21,Bombay
61d2021abebb86f97b818955,18-Aug-21,Memories of a Murderer: The Nilsen Tapes
61d2021abebb86f97b818956,18-Aug-21,Nneka The Pretty Serpent
61d2021abebb86f97b818957,18-Aug-21,O Kadhal Kanmani
61d2021abebb86f97b818958,18-Aug-21,Out of my league
61d2021abebb86f97b818959,18-Aug-21,Pahuna
61d2021abebb86f97b81895a,18-Aug-21,The Secret Diary of an Exchange Student
61d2021abebb86f97b81895b,18-Aug-21,Untold: Deal With the Devil
61d2021abebb86f97b81895c,16-Aug-21,Walk of Shame
61d2021abebb86f97b81895d,15-Aug-21,The Piano
61d2021abebb86f97b81895e,15-Aug-21,Unroyal
61d2021abebb86f97b81895f,13-Aug-21,Beckett
61d2021abebb86f97b818960,12-Aug-21,"Lokillo: Nothing's the Same"
61d2021abebb86f97b818961,12-Aug-21,Monster Hunter: Legends of the Guild
61d2021abebb86f97b818962,11-Aug-21,Brother Jekwu
61d2021abebb86f97b818963,11-Aug-21,La diosa del asfalto
61d2021abebb86f97b818964,11-Aug-21,Misha and the Wolves
61d2021abebb86f97b818965,11-Aug-21,The Kissing Booth 3
61d2021abebb86f97b818966,11-Aug-21,The Railway Man
61d2021abebb86f97b818967,10-Aug-21,Untold: Malice at the Palace
61d2021abebb86f97b818968,08-Aug-21,Quartet
61d2021abebb86f97b818969,08-Aug-21,Slay
61d2021abebb86f97b81896a,07-Aug-21,Takizawa Kabuki ZERO 2020 The Movie
61d2021abebb86f97b81896b,07-Aug-21,The Paper Tigers
61d2021abebb86f97b81896c,06-Aug-21,"Quam's Money"
61d2021abebb86f97b81896d,06-Aug-21,The Swarm
61d2021abebb86f97b81896e,06-Aug-21,Vivo
61d2021abebb86f97b81896f,05-Aug-21,Chennai Express
61d2021abebb86f97b818970,05-Aug-21,City of God: 10 Years Later
61d2021abebb86f97b818971,05-Aug-21,Esperando la carroza
61d2021abebb86f97b818972,05-Aug-21,Lady Boss: The Jackie Collins Story
61d2021abebb86f97b818973,05-Aug-21,Tango Feroz
61d2021abebb86f97b818974,04-Aug-21,"'76"
61d2021abebb86f97b818975,04-Aug-21,Aftermath
61d2021abebb86f97b818976,04-Aug-21,American Masters: Inventing David Geffen
61d2021abebb86f97b818977,03-Aug-21,Heavy
61d2021abebb86f97b818978,03-Aug-21,Ije: The Journey
61d2021abebb86f97b818979,03-Aug-21,Pray Away
61d2021abebb86f97b81897a,03-Aug-21,Shiny_Flakes: The Teenage Drug Lord
61d2021abebb86f97b81897b,01-Aug-21,Beethoven
61d2021abebb86f97b81897c,01-Aug-21,"Beethoven's 2nd"
61d2021abebb86f97b81897d,01-Aug-21,Beowulf
61d2021abebb86f97b81897e,01-Aug-21,Boyka: Undisputed
61d2021abebb86f97b81897f,01-Aug-21,Catch Me If You Can
61d2021abebb86f97b818980,01-Aug-21,Cloudy with a Chance of Meatballs
61d2021abebb86f97b818981,01-Aug-21,Deep Blue Sea
61d2021abebb86f97b818982,01-Aug-21,"Ferris Bueller's Day Off"
61d2021abebb86f97b818983,01-Aug-21,Five Feet Apart
61d2021abebb86f97b818984,01-Aug-21,Freedomland
61d2021abebb86f97b818985,01-Aug-21,Good Luck Chuck
61d2021abebb86f97b818986,01-Aug-21,"I missed you: Director's Cut"
61d2021abebb86f97b818987,01-Aug-21,Inception
61d2021abebb86f97b818988,01-Aug-21,Magnolia
61d2021abebb86f97b818989,01-Aug-21,Major Payne
61d2021abebb86f97b81898a,01-Aug-21,My Girl
61d2021abebb86f97b81898b,01-Aug-21,My Girl 2
61d2021abebb86f97b81898c,01-Aug-21,Open Season: Scared Silly
61d2021abebb86f97b81898d,01-Aug-21,Pineapple Express
61d2021abebb86f97b81898e,01-Aug-21,Planet 51
61d2021abebb86f97b81898f,01-Aug-21,Poms
61d2021abebb86f97b818990,01-Aug-21,Seabiscuit
61d2021abebb86f97b818991,01-Aug-21,Space Cowboys
61d2021abebb86f97b818992,01-Aug-21,Team America: World Police
61d2021abebb86f97b818993,01-Aug-21,The Edge of Seventeen
61d2021abebb86f97b818994,01-Aug-21,The Haunting in Connecticut 2: Ghosts of Georgia
61d2021abebb86f97b818995,01-Aug-21,The Last Boy Scout
61d2021abebb86f97b818996,01-Aug-21,The Lincoln Lawyer
61d2021abebb86f97b818997,01-Aug-21,The Losers
61d2021abebb86f97b818998,01-Aug-21,The Machinist
61d2021abebb86f97b818999,01-Aug-21,The Net
61d2021abebb86f97b81899a,01-Aug-21,The Original Kings of Comedy
61d2021abebb86f97b81899b,01-Aug-21,"Valentine's Day"
61d2021abebb86f97b81899c,31-Jul-21,The Lost Café
61d2021abebb86f97b81899d,31-Jul-21,The Vault
61d2021abebb86f97b81899e,30-Jul-21,Eyes of a Thief
61d2021abebb86f97b81899f,30-Jul-21,"I'm Glad I Did"
61d2021abebb86f97b8189a0,30-Jul-21,Pomegranates and Myrrh
61d2021abebb86f97b8189a1,30-Jul-21,Rurouni Kenshin: The Beginning
61d2021abebb86f97b8189a2,30-Jul-21,The Last Mercenary
61d2021abebb86f97b8189a3,29-Jul-21,Flower Girl
61d2021abebb86f97b8189a4,29-Jul-21,Resort to Love
61d2021abebb86f97b8189a5,28-Jul-21,Bartkowiak
61d2021abebb86f97b8189a6,28-Jul-21,Fantastic Fungi
61d2021abebb86f97b8189a7,27-Jul-21,Department
61d2021abebb86f97b8189a8,27-Jul-21,Hostage House
61d2021abebb86f97b8189a9,27-Jul-21,Mimi
61d2021abebb86f97b8189aa,27-Jul-21,The Operative
61d2021abebb86f97b8189ab,24-Jul-21,Django Unchained
61d2021abebb86f97b8189ac,23-Jul-21,A Second Chance:  Rivals!
61d2021abebb86f97b8189ad,23-Jul-21,African America
61d2021abebb86f97b8189ae,23-Jul-21,Bankrolled
61d2021abebb86f97b8189af,23-Jul-21,Blood Red Sky
61d2021abebb86f97b8189b0,23-Jul-21,Kingdom: Ashin of the North
61d2021abebb86f97b8189b1,23-Jul-21,The Last Letter From Your Lover
61d2021abebb86f97b8189b2,22-Jul-21,9to5: The Story of a Movement
61d2021abebb86f97b8189b3,22-Jul-21,Chhota Bheem - Dinosaur World
61d2021abebb86f97b8189b4,22-Jul-21,Chhota Bheem - Neeli Pahaadi
61d2021abebb86f97b8189b5,22-Jul-21,Chhota Bheem & Ganesh
61d2021abebb86f97b8189b6,22-Jul-21,Chhota Bheem & Krishna: Mayanagari
61d2021abebb86f97b8189b7,22-Jul-21,Chhota Bheem & Krishna: Pataliputra- City of the Dead
61d2021abebb86f97b8189b8,22-Jul-21,Chhota Bheem And The Broken Amulet
61d2021abebb86f97b8189b9,22-Jul-21,Chhota Bheem And The Crown of Valhalla
61d2021abebb86f97b8189ba,22-Jul-21,Chhota Bheem and the Incan Adventure
61d2021abebb86f97b8189bb,22-Jul-21,Chhota Bheem and The ShiNobi Secret
61d2021abebb86f97b8189bc,22-Jul-21,Chhota Bheem Aur Hanuman
61d2021abebb86f97b8189bd,22-Jul-21,Chhota Bheem aur Krishna
61d2021abebb86f97b8189be,22-Jul-21,Chhota Bheem aur Krishna vs Zimbara
61d2021abebb86f97b8189bf,22-Jul-21,Chhota Bheem in African Safari
61d2021abebb86f97b8189c0,22-Jul-21,Chhota Bheem Ka Roosi Romanch
61d2021abebb86f97b8189c1,22-Jul-21,Chhota Bheem: Bheem vs Aliens
61d2021abebb86f97b8189c2,22-Jul-21,Chhota Bheem: Dholakpur to Kathmandu
61d2021abebb86f97b8189c3,22-Jul-21,Chhota Bheem: Dus Pe Dus
61d2021abebb86f97b8189c4,22-Jul-21,Chhota Bheem: Journey to Petra
61d2021abebb86f97b8189c5,22-Jul-21,Chhota Bheem: Master of Shaolin
61d2021abebb86f97b8189c6,22-Jul-21,Chhota Bheem: The Rise of Kirmada
61d2021abebb86f97b8189c7,22-Jul-21,Cousins
61d2021abebb86f97b8189c8,22-Jul-21,Wannabe Courageous
61d2021abebb86f97b8189c9,22-Jul-21,Words Bubble Up Like Soda Pop
61d2021abebb86f97b8189ca,21-Jul-21,Sanitation Day
61d2021abebb86f97b8189cb,21-Jul-21,Trollhunters: Rise of the Titans
61d2021abebb86f97b8189cc,20-Jul-21,Milkwater
61d2021abebb86f97b8189cd,19-Jul-21,The Tambour of Retribution
61d2021abebb86f97b8189ce,17-Jul-21,Cosmic Sin
61d2021abebb86f97b8189cf,16-Jul-21,2 Weeks in Lagos
61d2021abebb86f97b8189d0,16-Jul-21,Deep
61d2021abebb86f97b8189d1,16-Jul-21,Fear Street Part 3: 1666
61d2021abebb86f97b8189d2,16-Jul-21,La ley de Herodes
61d2021abebb86f97b8189d3,16-Jul-21,The Beguiled
61d2021abebb86f97b8189d4,16-Jul-21,The Book of Henry
61d2021abebb86f97b8189d5,16-Jul-21,The Twilight Saga: Breaking Dawn: Part 1
61d2021abebb86f97b8189d6,16-Jul-21,The Twilight Saga: Breaking Dawn: Part 2
61d2021abebb86f97b8189d7,16-Jul-21,The Twilight Saga: Eclipse
61d2021abebb86f97b8189d8,16-Jul-21,The Twilight Saga: New Moon
61d2021abebb86f97b8189d9,16-Jul-21,Twilight
61d2021abebb86f97b8189da,15-Jul-21,A Perfect Fit
61d2021abebb86f97b8189db,15-Jul-21,"Cheech & Chong's Still Smokin"
61d2021abebb86f97b8189dc,15-Jul-21,Emicida: AmarElo - Live in São Paulo
61d2021abebb86f97b8189dd,15-Jul-21,Lift Like a Girl
61d2021abebb86f97b8189de,15-Jul-21,My Amanda
61d2021abebb86f97b8189df,15-Jul-21,"Surf's Up"
61d2021abebb86f97b8189e0,15-Jul-21,The Unknown Saint
61d2021abebb86f97b8189e1,15-Jul-21,This Changes Everything
61d2021abebb86f97b8189e2,14-Jul-21,A Classic Horror Story
61d2021abebb86f97b8189e3,14-Jul-21,Gunpowder Milkshake
61d2021abebb86f97b8189e4,14-Jul-21,Private Network: Who Killed Manuel Buendía?
61d2021abebb86f97b8189e5,14-Jul-21,The Guide to the Perfect Family
61d2021abebb86f97b8189e6,13-Jul-21,American Woman
61d2021abebb86f97b8189e7,13-Jul-21,Bridgerton - The Afterparty
61d2021abebb86f97b8189e8,13-Jul-21,Day of Destiny
61d2021abebb86f97b8189e9,12-Jul-21,Born to Play
61d2021abebb86f97b8189ea,10-Jul-21,American Ultra
61d2021abebb86f97b8189eb,10-Jul-21,The Stand-Up
61d2021abebb86f97b8189ec,10-Jul-21,The Tour
61d2021abebb86f97b8189ed,09-Jul-21,Fear Street Part 2: 1978
61d2021abebb86f97b8189ee,09-Jul-21,Finding Hubby
61d2021abebb86f97b8189ef,09-Jul-21,How I Became a Superhero
61d2021abebb86f97b8189f0,09-Jul-21,Last Summer
61d2021abebb86f97b8189f1,09-Jul-21,Lee Su-geun: The Sense Coach
61d2021abebb86f97b8189f2,09-Jul-21,Lethal Love
61d2021abebb86f97b8189f3,09-Jul-21,Ratchet and Clank
61d2021abebb86f97b8189f4,08-Jul-21,Back to Q82
61d2021abebb86f97b8189f5,08-Jul-21,Home Again
61d2021abebb86f97b8189f6,08-Jul-21,Midnight Sun
61d2021abebb86f97b8189f7,08-Jul-21,Rock the Kasbah
61d2021abebb86f97b8189f8,07-Jul-21,Awon Boyz
61d2021abebb86f97b8189f9,07-Jul-21,Brick Mansions
61d2021abebb86f97b8189fa,07-Jul-21,Clash
61d2021abebb86f97b8189fb,07-Jul-21,Major Grom: Plague Doctor
61d2021abebb86f97b8189fc,07-Jul-21,Mama Drama
61d2021abebb86f97b8189fd,07-Jul-21,Tango With Me
61d2021abebb86f97b8189fe,07-Jul-21,Therapy
61d2021abebb86f97b8189ff,07-Jul-21,This Little Love Of Mine
61d2021abebb86f97b818a00,07-Jul-21,Three Thieves
61d2021abebb86f97b818a01,06-Jul-21,A Land Imagined
61d2021abebb86f97b818a02,06-Jul-21,Har Kisse Ke Hisse: Kaamyaab
61d2021abebb86f97b818a03,06-Jul-21,Rehmataan
61d2021abebb86f97b818a04,06-Jul-21,Return of the Prodigal Son
61d2021abebb86f97b818a05,06-Jul-21,Rise: Ini Kalilah
61d2021abebb86f97b818a06,06-Jul-21,Si Doel the Movie 2
61d2021abebb86f97b818a07,06-Jul-21,Truckbhar Swapna
61d2021abebb86f97b818a08,06-Jul-21,Ujala
61d2021abebb86f97b818a09,02-Jul-21,Fear Street Part 1: 1994
61d2021abebb86f97b818a0a,02-Jul-21,Haseen Dillruba
61d2021abebb86f97b818a0b,02-Jul-21,Holiday on Mars
61d2021abebb86f97b818a0c,02-Jul-21,RattleSnake - The Ahanna Story
61d2021abebb86f97b818a0d,02-Jul-21,Snowpiercer
61d2021abebb86f97b818a0e,02-Jul-21,The 8th Night
61d2021abebb86f97b818a0f,02-Jul-21,Winchester
61d2021abebb86f97b818a10,01-Jul-21,6 Bullets
61d2021abebb86f97b818a11,01-Jul-21,Air Force One
61d2021abebb86f97b818a12,01-Jul-21,Audible
61d2021abebb86f97b818a13,01-Jul-21,Austin Powers in Goldmember
61d2021abebb86f97b818a14,01-Jul-21,Austin Powers: International Man of Mystery
61d2021abebb86f97b818a15,01-Jul-21,Austin Powers: The Spy Who Shagged Me
61d2021abebb86f97b818a16,01-Jul-21,Boogie Nights
61d2021abebb86f97b818a17,01-Jul-21,"Charlie's Angels"
61d2021abebb86f97b818a18,01-Jul-21,Congo
61d2021abebb86f97b818a19,01-Jul-21,Dennis the Menace
61d2021abebb86f97b818a1a,01-Jul-21,Dreamy Eyes
61d2021abebb86f97b818a1b,01-Jul-21,Dynasty Warriors
61d2021abebb86f97b818a1c,01-Jul-21,Hampstead
61d2021abebb86f97b818a1d,01-Jul-21,Kung Fu Panda
61d2021abebb86f97b818a1e,01-Jul-21,Kung Fu Panda 2
61d2021abebb86f97b818a1f,01-Jul-21,Life as We Know It
61d2021abebb86f97b818a20,01-Jul-21,Mary Magdalene
61d2021abebb86f97b818a21,01-Jul-21,Memoirs of a Geisha
61d2021abebb86f97b818a22,01-Jul-21,Midnight Run
61d2021abebb86f97b818a23,01-Jul-21,Mobile Suit Gundam Hathaway
61d2021abebb86f97b818a24,01-Jul-21,Mortal Kombat
61d2021abebb86f97b818a25,01-Jul-21,"Mother's Day"
61d2021abebb86f97b818a26,01-Jul-21,No Strings Attached
61d2021abebb86f97b818a27,01-Jul-21,Not Another Teen Movie
61d2021abebb86f97b818a28,01-Jul-21,Ophelia
61d2021abebb86f97b818a29,01-Jul-21,Pet Sematary 2
61d2021abebb86f97b818a2a,01-Jul-21,Red Joan
61d2021abebb86f97b818a2b,01-Jul-21,Seven Pounds
61d2021abebb86f97b818a2c,01-Jul-21,"She's Out of My League"
61d2021abebb86f97b818a2d,01-Jul-21,Snow Day
61d2021abebb86f97b818a2e,01-Jul-21,Star Trek
61d2021abebb86f97b818a2f,01-Jul-21,Stuart Little
61d2021abebb86f97b818a30,01-Jul-21,Sword of Trust
61d2021abebb86f97b818a31,01-Jul-21,Talladega Nights: The Ballad of Ricky Bobby
61d2021abebb86f97b818a32,01-Jul-21,The American
61d2021abebb86f97b818a33,01-Jul-21,The Best of Enemies
61d2021abebb86f97b818a34,01-Jul-21,The Game
61d2021abebb86f97b818a35,01-Jul-21,The Karate Kid
61d2021abebb86f97b818a36,01-Jul-21,The Karate Kid Part II
61d2021abebb86f97b818a37,01-Jul-21,The Karate Kid Part III
61d2021abebb86f97b818a38,01-Jul-21,The Life of David Gale
61d2021abebb86f97b818a39,01-Jul-21,The Long Riders
61d2021abebb86f97b818a3a,01-Jul-21,The Queen
61d2021abebb86f97b818a3b,01-Jul-21,The Strangers
61d2021abebb86f97b818a3c,01-Jul-21,The Sum of All Fears
61d2021abebb86f97b818a3d,01-Jul-21,The Tourist
61d2021abebb86f97b818a3e,01-Jul-21,Underworld
61d2021abebb86f97b818a3f,01-Jul-21,Underworld: Awakening